{"cameraMode":{"drawMode":0,"name":"Shaded","section":"Shading Mode"},"sceneLighting":false,"audioPlay":false,"sceneViewState":{"m_AlwaysRefresh":false,"showFog":true,"showSkybox":false,"showFlares":true,"showImageEffects":true,"showParticleSystems":true,"showVisualEffectGraphs":true,"m_FxEnabled":true},"in2DMode":false,"pivot":{"x":35.307891845703128,"y":1.4850642681121827,"z":7.116229057312012},"rotation":{"x":-0.37359848618507388,"y":0.00913928635418415,"z":-0.0033792133908718826,"w":-0.9277999401092529},"size":1.5938130617141724,"orthographic":false}