{"cameraMode":{"drawMode":0,"name":"Shaded","section":"Shading Mode"},"sceneLighting":false,"audioPlay":false,"sceneViewState":{"m_AlwaysRefresh":false,"showFog":true,"showSkybox":false,"showFlares":true,"showImageEffects":true,"showParticleSystems":true,"showVisualEffectGraphs":true,"m_FxEnabled":true},"in2DMode":false,"pivot":{"x":-3.064269542694092,"y":1.8201794624328614,"z":35.05539321899414},"rotation":{"x":-0.36472970247268679,"y":-0.048482656478881839,"z":0.019100146368145944,"w":-0.9298475980758667},"size":5.350233554840088,"orthographic":false}