{"cameraMode":{"drawMode":0,"name":"Shaded","section":"Shading Mode"},"sceneLighting":false,"audioPlay":false,"sceneViewState":{"m_AlwaysRefresh":false,"showFog":true,"showSkybox":false,"showFlares":true,"showImageEffects":true,"showParticleSystems":true,"showVisualEffectGraphs":true,"m_FxEnabled":true},"in2DMode":false,"pivot":{"x":-0.13883158564567567,"y":1.4905160665512086,"z":-1.4169734716415406},"rotation":{"x":-0.20577089488506318,"y":-0.028533870354294778,"z":0.006501677446067333,"w":-0.9784126281738281},"size":1.1906635761260987,"orthographic":false}