{"cameraMode":{"drawMode":0,"name":"Shaded","section":"Shading Mode"},"sceneLighting":false,"audioPlay":false,"sceneViewState":{"m_AlwaysRefresh":false,"showFog":true,"showSkybox":false,"showFlares":true,"showImageEffects":true,"showParticleSystems":true,"showVisualEffectGraphs":true,"m_FxEnabled":true},"in2DMode":false,"pivot":{"x":0.9672027230262756,"y":2.4534268379211427,"z":-1.714532494544983},"rotation":{"x":-0.2999354898929596,"y":0.04099511727690697,"z":-0.012178074568510056,"w":-0.9532649517059326},"size":0.37436890602111819,"orthographic":false}