{"cameraMode":{"drawMode":0,"name":"Shaded","section":"Shading Mode"},"sceneLighting":true,"audioPlay":false,"sceneViewState":{"m_AlwaysRefresh":false,"showFog":true,"showSkybox":true,"showFlares":true,"showImageEffects":true,"showParticleSystems":true,"showVisualEffectGraphs":true,"m_FxEnabled":true},"in2DMode":false,"pivot":{"x":599.5560302734375,"y":782.1400146484375,"z":409.0653076171875},"rotation":{"x":-0.057267095893621448,"y":0.023065870627760888,"z":-0.001261273049749434,"w":-0.9981586933135986},"size":721.0267333984375,"orthographic":false}