{"cameraMode":{"drawMode":0,"name":"Shaded","section":"Shading Mode"},"sceneLighting":false,"audioPlay":false,"sceneViewState":{"m_AlwaysRefresh":false,"showFog":true,"showSkybox":false,"showFlares":true,"showImageEffects":true,"showParticleSystems":true,"showVisualEffectGraphs":true,"m_FxEnabled":true},"in2DMode":false,"pivot":{"x":0.3522788882255554,"y":-2.6692261695861818,"z":260.8774719238281},"rotation":{"x":0.14503946900367738,"y":-0.06094169244170189,"z":0.009069076739251614,"w":0.9877403378486633},"size":12.747549057006836,"orthographic":false}